{
  "project_info": {
    "project_number": "347264834265",
    "firebase_url": "https://janatadal-2be8c.firebaseio.com",
    "project_id": "janatadal-2be8c",
    "storage_bucket": "janatadal-2be8c.appspot.com"
  },
  "client": [
    {
      "client_info": {
        "mobilesdk_app_id": "1:347264834265:android:ebe7c011ebb032f7",
        "android_client_info": {
          "package_name": "com.pastelloid.vijay.jds"
        }
      },
      "oauth_client": [
        {
          "client_id": "347264834265-d1e934nmntj6boff2eksfeo1fugirf17.apps.googleusercontent.com",
          "client_type": 3
        }
      ],
      "api_key": [
        {
          "current_key": "AIzaSyByHHvFVb2EqUz8jJJM2O5X2IfxoIjp8o8"
        }
      ],
      "services": {
        "analytics_service": {
          "status": 1
        },
        "appinvite_service": {
          "status": 1,
          "other_platform_oauth_client": []
        },
        "ads_service": {
          "status": 2
        }
      }
    },
    {
      "client_info": {
        "mobilesdk_app_id": "1:347264834265:android:e80d63fd5af4f281",
        "android_client_info": {
          "package_name": "pastelloid.com.fcmessaging"
        }
      },
      "oauth_client": [
        {
          "client_id": "347264834265-d1e934nmntj6boff2eksfeo1fugirf17.apps.googleusercontent.com",
          "client_type": 3
        }
      ],
      "api_key": [
        {
          "current_key": "AIzaSyByHHvFVb2EqUz8jJJM2O5X2IfxoIjp8o8"
        }
      ],
      "services": {
        "analytics_service": {
          "status": 1
        },
        "appinvite_service": {
          "status": 1,
          "other_platform_oauth_client": []
        },
        "ads_service": {
          "status": 2
        }
      }
    }
  ],
  "configuration_version": "1"
}